altitude_m,wind_x_m_s,wind_z_m_s
630.000000,4.16026,0.00000
640.000000,4.16026,0.00000
730.000000,5.66381,0.00000
769.806750,4.35641,0.00000
997.902540,5.72529,0.00000
1231.635857,7.39933,0.00000
1471.258882,6.74358,0.00000
1716.747883,6.55082,0.00000
1968.173828,7.35078,0.00000
2226.015050,8.33611,0.00000
2491.168394,9.06337,0.00000
3045.817123,9.70919,0.00000
3635.363148,9.89547,0.00000
4263.093126,10.69634,0.00000
4934.339336,12.89948,0.00000
5656.724350,14.77689,0.00000
6441.450476,14.36475,0.00000
7298.121720,12.66222,0.00000
8238.398374,11.53155,0.00000
9287.914938,14.75841,0.00000
10478.345342,13.51326,0.00000
11144.964813,15.18533,0.00000
11882.959431,14.54480,0.00000
12729.206887,18.37521,0.00000
13712.949344,18.00492,0.00000
14880.792245,12.47437,0.00000
16294.272408,13.42961,0.00000
18542.654088,11.19892,0.00000
20661.266091,7.88938,0.00000
23865.553364,10.10770,0.00000
26472.326375,15.34525,0.00000
31071.087304,23.62951,0.00000
33500.134906,23.54599,0.00000
35860.787119,14.36526,0.00000
39543.204496,17.46613,0.00000
42614.066967,2.54269,0.00000
48074.575829,-1.92860,0.00000
49000.000000,0.00000,0.00000
50000.000000,0.00000,0.00000
51000.000000,0.00000,0.00000
52000.000000,0.00000,0.00000
53000.000000,0.00000,0.00000
54000.000000,0.00000,0.00000
55000.000000,0.00000,0.00000
56000.000000,0.00000,0.00000
57000.000000,0.00000,0.00000
58000.000000,0.00000,0.00000
59000.000000,0.00000,0.00000
60000.000000,0.00000,0.00000
61000.000000,0.00000,0.00000
62000.000000,0.00000,0.00000
63000.000000,0.00000,0.00000
64000.000000,0.00000,0.00000
65000.000000,0.00000,0.00000
66000.000000,0.00000,0.00000
67000.000000,0.00000,0.00000
68000.000000,0.00000,0.00000
69000.000000,0.00000,0.00000
70000.000000,0.00000,0.00000
71000.000000,0.00000,0.00000
72000.000000,0.00000,0.00000
73000.000000,0.00000,0.00000
74000.000000,0.00000,0.00000
75000.000000,0.00000,0.00000
76000.000000,0.00000,0.00000
77000.000000,0.00000,0.00000
78000.000000,0.00000,0.00000
79000.000000,0.00000,0.00000
80000.000000,0.00000,0.00000
81000.000000,0.00000,0.00000
82000.000000,0.00000,0.00000
83000.000000,0.00000,0.00000
84000.000000,0.00000,0.00000
85000.000000,0.00000,0.00000
86000.000000,0.00000,0.00000
87000.000000,0.00000,0.00000
88000.000000,0.00000,0.00000
89000.000000,0.00000,0.00000
90000.000000,0.00000,0.00000
91000.000000,0.00000,0.00000
92000.000000,0.00000,0.00000
93000.000000,0.00000,0.00000
94000.000000,0.00000,0.00000
95000.000000,0.00000,0.00000
96000.000000,0.00000,0.00000
97000.000000,0.00000,0.00000
98000.000000,0.00000,0.00000
99000.000000,0.00000,0.00000
100000.000000,0.00000,0.00000
101000.000000,0.00000,0.00000
102000.000000,0.00000,0.00000
103000.000000,0.00000,0.00000
104000.000000,0.00000,0.00000
105000.000000,0.00000,0.00000
106000.000000,0.00000,0.00000
107000.000000,0.00000,0.00000
108000.000000,0.00000,0.00000
109000.000000,0.00000,0.00000
110000.000000,0.00000,0.00000
111000.000000,0.00000,0.00000
112000.000000,0.00000,0.00000
113000.000000,0.00000,0.00000
114000.000000,0.00000,0.00000
115000.000000,0.00000,0.00000
116000.000000,0.00000,0.00000
117000.000000,0.00000,0.00000
118000.000000,0.00000,0.00000
119000.000000,0.00000,0.00000
120000.000000,0.00000,0.00000
121000.000000,0.00000,0.00000
122000.000000,0.00000,0.00000
123000.000000,0.00000,0.00000
124000.000000,0.00000,0.00000
125000.000000,0.00000,0.00000
126000.000000,0.00000,0.00000
127000.000000,0.00000,0.00000
128000.000000,0.00000,0.00000
129000.000000,0.00000,0.00000
130000.000000,0.00000,0.00000
131000.000000,0.00000,0.00000
132000.000000,0.00000,0.00000
133000.000000,0.00000,0.00000
134000.000000,0.00000,0.00000
135000.000000,0.00000,0.00000
136000.000000,0.00000,0.00000
137000.000000,0.00000,0.00000
138000.000000,0.00000,0.00000
139000.000000,0.00000,0.00000
140000.000000,0.00000,0.00000
141000.000000,0.00000,0.00000
142000.000000,0.00000,0.00000
143000.000000,0.00000,0.00000
144000.000000,0.00000,0.00000
145000.000000,0.00000,0.00000
146000.000000,0.00000,0.00000
147000.000000,0.00000,0.00000
148000.000000,0.00000,0.00000
149000.000000,0.00000,0.00000
150000.000000,0.00000,0.00000
151000.000000,0.00000,0.00000
152000.000000,0.00000,0.00000
153000.000000,0.00000,0.00000
154000.000000,0.00000,0.00000
155000.000000,0.00000,0.00000
156000.000000,0.00000,0.00000
157000.000000,0.00000,0.00000
158000.000000,0.00000,0.00000
159000.000000,0.00000,0.00000
160000.000000,0.00000,0.00000
161000.000000,0.00000,0.00000
162000.000000,0.00000,0.00000
163000.000000,0.00000,0.00000
164000.000000,0.00000,0.00000
165000.000000,0.00000,0.00000
166000.000000,0.00000,0.00000
167000.000000,0.00000,0.00000
168000.000000,0.00000,0.00000
169000.000000,0.00000,0.00000
170000.000000,0.00000,0.00000
171000.000000,0.00000,0.00000
172000.000000,0.00000,0.00000
173000.000000,0.00000,0.00000
174000.000000,0.00000,0.00000
175000.000000,0.00000,0.00000
176000.000000,0.00000,0.00000
177000.000000,0.00000,0.00000
178000.000000,0.00000,0.00000
179000.000000,0.00000,0.00000
180000.000000,0.00000,0.00000
181000.000000,0.00000,0.00000
182000.000000,0.00000,0.00000
183000.000000,0.00000,0.00000
184000.000000,0.00000,0.00000
185000.000000,0.00000,0.00000
186000.000000,0.00000,0.00000
187000.000000,0.00000,0.00000
188000.000000,0.00000,0.00000
189000.000000,0.00000,0.00000
190000.000000,0.00000,0.00000
191000.000000,0.00000,0.00000
192000.000000,0.00000,0.00000
193000.000000,0.00000,0.00000
194000.000000,0.00000,0.00000
195000.000000,0.00000,0.00000
196000.000000,0.00000,0.00000
197000.000000,0.00000,0.00000
198000.000000,0.00000,0.00000
199000.000000,0.00000,0.00000
200000.000000,0.00000,0.00000
201000.000000,0.00000,0.00000
202000.000000,0.00000,0.00000
203000.000000,0.00000,0.00000
204000.000000,0.00000,0.00000
205000.000000,0.00000,0.00000
206000.000000,0.00000,0.00000
207000.000000,0.00000,0.00000
208000.000000,0.00000,0.00000
209000.000000,0.00000,0.00000
210000.000000,0.00000,0.00000
211000.000000,0.00000,0.00000
212000.000000,0.00000,0.00000
213000.000000,0.00000,0.00000
214000.000000,0.00000,0.00000
215000.000000,0.00000,0.00000
216000.000000,0.00000,0.00000
217000.000000,0.00000,0.00000
218000.000000,0.00000,0.00000
219000.000000,0.00000,0.00000
220000.000000,0.00000,0.00000
221000.000000,0.00000,0.00000
222000.000000,0.00000,0.00000
223000.000000,0.00000,0.00000
224000.000000,0.00000,0.00000
225000.000000,0.00000,0.00000
226000.000000,0.00000,0.00000
227000.000000,0.00000,0.00000
228000.000000,0.00000,0.00000
229000.000000,0.00000,0.00000
230000.000000,0.00000,0.00000
231000.000000,0.00000,0.00000
232000.000000,0.00000,0.00000
233000.000000,0.00000,0.00000
234000.000000,0.00000,0.00000
235000.000000,0.00000,0.00000
236000.000000,0.00000,0.00000
237000.000000,0.00000,0.00000
238000.000000,0.00000,0.00000
239000.000000,0.00000,0.00000
240000.000000,0.00000,0.00000
241000.000000,0.00000,0.00000
242000.000000,0.00000,0.00000
243000.000000,0.00000,0.00000
244000.000000,0.00000,0.00000
245000.000000,0.00000,0.00000
246000.000000,0.00000,0.00000
247000.000000,0.00000,0.00000
248000.000000,0.00000,0.00000
249000.000000,0.00000,0.00000
250000.000000,0.00000,0.00000
251000.000000,0.00000,0.00000
252000.000000,0.00000,0.00000
253000.000000,0.00000,0.00000
254000.000000,0.00000,0.00000
255000.000000,0.00000,0.00000
256000.000000,0.00000,0.00000
257000.000000,0.00000,0.00000
258000.000000,0.00000,0.00000
259000.000000,0.00000,0.00000
260000.000000,0.00000,0.00000
261000.000000,0.00000,0.00000
262000.000000,0.00000,0.00000
263000.000000,0.00000,0.00000
264000.000000,0.00000,0.00000
265000.000000,0.00000,0.00000
266000.000000,0.00000,0.00000
267000.000000,0.00000,0.00000
268000.000000,0.00000,0.00000
269000.000000,0.00000,0.00000
270000.000000,0.00000,0.00000
271000.000000,0.00000,0.00000
272000.000000,0.00000,0.00000
273000.000000,0.00000,0.00000
274000.000000,0.00000,0.00000
275000.000000,0.00000,0.00000
276000.000000,0.00000,0.00000
277000.000000,0.00000,0.00000
278000.000000,0.00000,0.00000
279000.000000,0.00000,0.00000
280000.000000,0.00000,0.00000
281000.000000,0.00000,0.00000
282000.000000,0.00000,0.00000
283000.000000,0.00000,0.00000
284000.000000,0.00000,0.00000
285000.000000,0.00000,0.00000
286000.000000,0.00000,0.00000
287000.000000,0.00000,0.00000
288000.000000,0.00000,0.00000
289000.000000,0.00000,0.00000
290000.000000,0.00000,0.00000
291000.000000,0.00000,0.00000
292000.000000,0.00000,0.00000
293000.000000,0.00000,0.00000
294000.000000,0.00000,0.00000
295000.000000,0.00000,0.00000
296000.000000,0.00000,0.00000
297000.000000,0.00000,0.00000
298000.000000,0.00000,0.00000
299000.000000,0.00000,0.00000
300000.000000,0.00000,0.00000
301000.000000,0.00000,0.00000
302000.000000,0.00000,0.00000
303000.000000,0.00000,0.00000
304000.000000,0.00000,0.00000
305000.000000,0.00000,0.00000
306000.000000,0.00000,0.00000
307000.000000,0.00000,0.00000
308000.000000,0.00000,0.00000
309000.000000,0.00000,0.00000
310000.000000,0.00000,0.00000
311000.000000,0.00000,0.00000
312000.000000,0.00000,0.00000
313000.000000,0.00000,0.00000
314000.000000,0.00000,0.00000
315000.000000,0.00000,0.00000
316000.000000,0.00000,0.00000
317000.000000,0.00000,0.00000
318000.000000,0.00000,0.00000
319000.000000,0.00000,0.00000
320000.000000,0.00000,0.00000
321000.000000,0.00000,0.00000
322000.000000,0.00000,0.00000
323000.000000,0.00000,0.00000
324000.000000,0.00000,0.00000
325000.000000,0.00000,0.00000
326000.000000,0.00000,0.00000
327000.000000,0.00000,0.00000
328000.000000,0.00000,0.00000
329000.000000,0.00000,0.00000
330000.000000,0.00000,0.00000
331000.000000,0.00000,0.00000
332000.000000,0.00000,0.00000
333000.000000,0.00000,0.00000
334000.000000,0.00000,0.00000
335000.000000,0.00000,0.00000
336000.000000,0.00000,0.00000
337000.000000,0.00000,0.00000
338000.000000,0.00000,0.00000
339000.000000,0.00000,0.00000
340000.000000,0.00000,0.00000
341000.000000,0.00000,0.00000
342000.000000,0.00000,0.00000
343000.000000,0.00000,0.00000
344000.000000,0.00000,0.00000
345000.000000,0.00000,0.00000
346000.000000,0.00000,0.00000
347000.000000,0.00000,0.00000
348000.000000,0.00000,0.00000
349000.000000,0.00000,0.00000
350000.000000,0.00000,0.00000
351000.000000,0.00000,0.00000
352000.000000,0.00000,0.00000
353000.000000,0.00000,0.00000
354000.000000,0.00000,0.00000
355000.000000,0.00000,0.00000
356000.000000,0.00000,0.00000
357000.000000,0.00000,0.00000
358000.000000,0.00000,0.00000
359000.000000,0.00000,0.00000
360000.000000,0.00000,0.00000
361000.000000,0.00000,0.00000
362000.000000,0.00000,0.00000
363000.000000,0.00000,0.00000
364000.000000,0.00000,0.00000
365000.000000,0.00000,0.00000
366000.000000,0.00000,0.00000
367000.000000,0.00000,0.00000
368000.000000,0.00000,0.00000
369000.000000,0.00000,0.00000
370000.000000,0.00000,0.00000
371000.000000,0.00000,0.00000
372000.000000,0.00000,0.00000
373000.000000,0.00000,0.00000
374000.000000,0.00000,0.00000
375000.000000,0.00000,0.00000
376000.000000,0.00000,0.00000
377000.000000,0.00000,0.00000
378000.000000,0.00000,0.00000
379000.000000,0.00000,0.00000
380000.000000,0.00000,0.00000
381000.000000,0.00000,0.00000
382000.000000,0.00000,0.00000
383000.000000,0.00000,0.00000
384000.000000,0.00000,0.00000
385000.000000,0.00000,0.00000
386000.000000,0.00000,0.00000
387000.000000,0.00000,0.00000
388000.000000,0.00000,0.00000
389000.000000,0.00000,0.00000
390000.000000,0.00000,0.00000
391000.000000,0.00000,0.00000
392000.000000,0.00000,0.00000
393000.000000,0.00000,0.00000
394000.000000,0.00000,0.00000
395000.000000,0.00000,0.00000
396000.000000,0.00000,0.00000
397000.000000,0.00000,0.00000
398000.000000,0.00000,0.00000
399000.000000,0.00000,0.00000
400000.000000,0.00000,0.00000
401000.000000,0.00000,0.00000
402000.000000,0.00000,0.00000
403000.000000,0.00000,0.00000
404000.000000,0.00000,0.00000
405000.000000,0.00000,0.00000
406000.000000,0.00000,0.00000
407000.000000,0.00000,0.00000
408000.000000,0.00000,0.00000
409000.000000,0.00000,0.00000
410000.000000,0.00000,0.00000
411000.000000,0.00000,0.00000
412000.000000,0.00000,0.00000
413000.000000,0.00000,0.00000
414000.000000,0.00000,0.00000
415000.000000,0.00000,0.00000
416000.000000,0.00000,0.00000
417000.000000,0.00000,0.00000
418000.000000,0.00000,0.00000
419000.000000,0.00000,0.00000
420000.000000,0.00000,0.00000
421000.000000,0.00000,0.00000
422000.000000,0.00000,0.00000
423000.000000,0.00000,0.00000
424000.000000,0.00000,0.00000
425000.000000,0.00000,0.00000
426000.000000,0.00000,0.00000
427000.000000,0.00000,0.00000
428000.000000,0.00000,0.00000
429000.000000,0.00000,0.00000
430000.000000,0.00000,0.00000
431000.000000,0.00000,0.00000
432000.000000,0.00000,0.00000
433000.000000,0.00000,0.00000
434000.000000,0.00000,0.00000
435000.000000,0.00000,0.00000
436000.000000,0.00000,0.00000
437000.000000,0.00000,0.00000
438000.000000,0.00000,0.00000
439000.000000,0.00000,0.00000
440000.000000,0.00000,0.00000
441000.000000,0.00000,0.00000
442000.000000,0.00000,0.00000
443000.000000,0.00000,0.00000
444000.000000,0.00000,0.00000
445000.000000,0.00000,0.00000
446000.000000,0.00000,0.00000
447000.000000,0.00000,0.00000
448000.000000,0.00000,0.00000
449000.000000,0.00000,0.00000
450000.000000,0.00000,0.00000
