time_s,kind,component,event,count,was_open,is_open,name,was_switched,is_switched,effective_CdA,reason
0.3653443181059202,branch,OX_RELIEF,switch,1,False,True,switch,,,,
0.3920287476208721,branch,OX_RELIEF,switch,2,True,False,switch,,,,
0.5077496306726643,branch,OX_RELIEF,switch,3,False,True,switch,,,,
0.5365550686921201,branch,OX_RELIEF,switch,4,True,False,switch,,,,
0.6632013228707019,branch,OX_RELIEF,switch,5,False,True,switch,,,,
0.6942131748747272,branch,OX_RELIEF,switch,6,True,False,switch,,,,
0.8336888741808002,branch,OX_RELIEF,switch,7,False,True,switch,,,,
0.8670479231527085,branch,OX_RELIEF,switch,8,True,False,switch,,,,
1.0220659565503631,branch,OX_RELIEF,switch,9,False,True,switch,,,,
1.0579455924422363,branch,OX_RELIEF,switch,10,True,False,switch,,,,
1.2317869109749278,branch,OX_RELIEF,switch,11,False,True,switch,,,,
1.2703734028691243,branch,OX_RELIEF,switch,12,True,False,switch,,,,
1.4675271769455251,branch,OX_RELIEF,switch,13,False,True,switch,,,,
1.5091041819676871,branch,OX_RELIEF,switch,14,True,False,switch,,,,
1.735730701494931,branch,OX_RELIEF,switch,15,False,True,switch,,,,
1.780580211173562,branch,OX_RELIEF,switch,16,True,False,switch,,,,
2.045584681903118,branch,OX_RELIEF,switch,17,False,True,switch,,,,
2.094143665178926,branch,OX_RELIEF,switch,18,True,False,switch,,,,
2.4114536749491187,branch,OX_RELIEF,switch,19,False,True,switch,,,,
2.4642900259094023,branch,OX_RELIEF,switch,20,True,False,switch,,,,
2.8581797185685662,branch,OX_RELIEF,switch,21,False,True,switch,,,,
2.9161606658708163,branch,OX_RELIEF,switch,22,True,False,switch,,,,
3.4345528509606207,branch,OX_RELIEF,switch,23,False,True,switch,,,,
3.498914800853382,branch,OX_RELIEF,switch,24,True,False,switch,,,,
4.272422959117724,branch,OX_RELIEF,switch,25,False,True,switch,,,,
4.345964826231619,branch,OX_RELIEF,switch,26,True,False,switch,,,,
8.520362033159307,branch,FUEL_SWITCH,switch,1,,,switch,False,True,3.63382692588e-06,
8.520362033159307,branch,OX_SWITCH,switch,1,,,switch,False,True,7.7264555148e-06,
8.719307316110646,branch,OX_RELIEF,switch,27,False,True,switch,,,,
8.905157983367996,branch,OX_RELIEF,switch,28,True,False,switch,,,,
9.339023158399163,branch,OX_RELIEF,switch,29,False,True,switch,,,,
9.52529483076122,branch,OX_RELIEF,switch,30,True,False,switch,,,,
10.0744121343348,branch,OX_RELIEF,switch,31,False,True,switch,,,,
10.261826058671762,branch,OX_RELIEF,switch,32,True,False,switch,,,,
11.009041773229564,branch,OX_RELIEF,switch,33,False,True,switch,,,,
11.198643086768472,branch,OX_RELIEF,switch,34,True,False,switch,,,,
12.430864994791582,branch,OX_RELIEF,switch,35,False,True,switch,,,,
12.626959343656456,branch,OX_RELIEF,switch,36,True,False,switch,,,,
21.614346720552142,node,ox_ullage,dryout,1,,,dryout,,,,
21.614346720552142,node,thrust_chamber,shutdown,1,,,shutdown,,,,reactant_unavailable
